{
  "image001.png": {
    "x": 0.5037332005973121,
    "y": 0.2565130260521042,
    "width": 0.05973120955699353,
    "height": 0.05130260521042084
  },
  "image002.png": {
    "x": 0.4698855151816824,
    "y": 0.26132264529058113,
    "width": 0.05375808860129418,
    "height": 0.04168336673346693
  },
  "image003.png": {
    "x": 0.4380288700846192,
    "y": 0.24849699398797595,
    "width": 0.05574912891986063,
    "height": 0.054509018036072145
  },
  "image004.png": {
    "x": 0.7068193130910901,
    "y": 0.46653306613226453,
    "width": 0.25684420109507217,
    "height": 0.1250501002004008
  },
  "image005.png": {
    "x": 0.047784967645594825,
    "y": 0.4729458917835671,
    "width": 0.2389248382279741,
    "height": 0.11222444889779559
  },
  "image006.png": {
    "x": 0.09556993529118965,
    "y": 0.7695390781563126,
    "width": 0.12344449975111996,
    "height": 0.07695390781563126
  },
  "image007.png": {
    "x": 0.7287207565953211,
    "y": 0.7022044088176352,
    "width": 0.1791936286709806,
    "height": 0.14589178356713428
  },
  "image008.png": {
    "x": 0.7924340467894475,
    "y": 0.2036072144288577,
    "width": 0.09955201592832255,
    "height": 0.08496993987975952
  },
  "image009.png": {
    "x": 0.0935788949726232,
    "y": 0.20521042084168337,
    "width": 0.11946241911398706,
    "height": 0.09138276553106213
  },
  "image010.png": {
    "x": 0.2309606769537083,
    "y": 0.698997995991984,
    "width": 0.05973120955699353,
    "height": 0.03847695390781563
  },
  "image011.png": {
    "x": 0.6948730711796914,
    "y": 0.3158316633266533,
    "width": 0.07167745146839223,
    "height": 0.04168336673346693
  },
  "image012.png": {
    "x": 0.5953210552513688,
    "y": 0.5034068136272545,
    "width": 0.09955201592832255,
    "height": 0.04649298597194389
  },
  "image013.png": {
    "x": 0.3125933300149328,
    "y": 0.5114228456913827,
    "width": 0.08760577401692385,
    "height": 0.03847695390781563
  },
  "image014.png": {
    "x": 0.49377799900447983,
    "y": 0.0016032064128256513,
    "width": 0.1493280238924838,
    "height": 0.1939879759519038
  },
  "image015.png": {
    "x": 0.4838227974116476,
    "y": 0.19238476953907815,
    "width": -0.12742658038825286,
    "height": -0.19238476953907815
  },
  "image016.png": {
    "x": 0.1791936286709806,
    "y": 0.08496993987975952,
    "width": 0.19711299153807865,
    "height": 0.16673346693386773
  },
  "image017.png": {
    "x": 0.5833748133399701,
    "y": 0.11703406813627254,
    "width": 0.2229965156794425,
    "height": 0.14909819639278557
  },
  "image018.png": {
    "x": 0.4420109507217521,
    "y": 0.767935871743487,
    "width": 0.11946241911398706,
    "height": 0.232064128256513
  },
  "image019.png": {
    "x": 0.6132404181184669,
    "y": 0.3254509018036072,
    "width": 0.12344449975111996,
    "height": 0.1523046092184369
  },
  "image020.png": {
    "x": 0.49377799900447983,
    "y": 0.3270541082164329,
    "width": 0.12742658038825286,
    "height": 0.14428857715430862
  },
  "image021.png": {
    "x": 0.36834245893479345,
    "y": 0.32224448897795593,
    "width": 0.1493280238924838,
    "height": 0.15551102204408818
  },
  "image022.png": {
    "x": 0.24091587854654056,
    "y": 0.3286573146292585,
    "width": 0.15331010452961671,
    "height": 0.1523046092184369
  },
  "image023.png": {
    "x": 0.5116973618715779,
    "y": 0.49859719438877753,
    "width": 0.0895968143354903,
    "height": 0.05771543086172345
  },
  "image024.png": {
    "x": 0.4101543056246889,
    "y": 0.4937875751503006,
    "width": 0.07964161274265803,
    "height": 0.06412825651302605
  },
  "image025.png": {
    "x": 0.037829766052762566,
    "y": 0.662124248496994,
    "width": 0.16326530612244897,
    "height": 0.11703406813627254
  },
  "image026.png": {
    "x": 0.7207565953210553,
    "y": 0.3943887775551102,
    "width": 0.2309606769537083,
    "height": 0.07855711422845692
  },
  "image027.png": {
    "x": 0.7068193130910901,
    "y": 0.32064128256513025,
    "width": 0.2508710801393728,
    "height": 0.07855711422845692
  },
  "image028.png": {
    "x": 0.047784967645594825,
    "y": 0.4072144288577154,
    "width": 0.22896963663514186,
    "height": 0.06092184368737475
  },
  "image029.png": {
    "x": 0.051767048282727726,
    "y": 0.3286573146292585,
    "width": 0.2269785963165754,
    "height": 0.07214428857715431
  },
  "image030.png": {
    "x": 0.7207565953210553,
    "y": 0.2821643286573146,
    "width": 0.1174713787954206,
    "height": 0.04008016032064128
  },
  "image031.png": {
    "x": 0.1712294673967148,
    "y": 0.6092184368737475,
    "width": 0.06769537083125933,
    "height": 0.10100200400801604
  },
  "image032.png": {
    "x": 0.2309606769537083,
    "y": 0.6092184368737475,
    "width": 0.06968641114982578,
    "height": 0.09939879759519038
  },
  "image033.png": {
    "x": 0.2926829268292683,
    "y": 0.6076152304609218,
    "width": 0.05774016923842708,
    "height": 0.09298597194388777
  },
  "image034.png": {
    "x": 0.34843205574912894,
    "y": 0.6044088176352705,
    "width": 0.05774016923842708,
    "height": 0.09458917835671343
  },
  "image035.png": {
    "x": 0.4101543056246889,
    "y": 0.6060120240480962,
    "width": 0.06172224987555998,
    "height": 0.09138276553106213
  },
  "image036.png": {
    "x": 0.46789447486311597,
    "y": 0.6108216432865732,
    "width": 0.06172224987555998,
    "height": 0.08817635270541083
  },
  "image037.png": {
    "x": 0.5236436037829766,
    "y": 0.6076152304609218,
    "width": 0.06769537083125933,
    "height": 0.09298597194388777
  },
  "image038.png": {
    "x": 0.5893479342956695,
    "y": 0.6124248496993988,
    "width": 0.05973120955699353,
    "height": 0.08657314629258517
  },
  "image039.png": {
    "x": 0.6450970632155301,
    "y": 0.6028056112224449,
    "width": 0.06371329019412643,
    "height": 0.10260521042084168
  },
  "image040.png": {
    "x": 0.7008461921353908,
    "y": 0.6060120240480962,
    "width": 0.06570433051269288,
    "height": 0.09458917835671343
  },
  "image041.png": {
    "x": 0.772523643603783,
    "y": 0.6140280561122244,
    "width": 0.045793927327028375,
    "height": 0.08176352705410822
  }
}